{"cameraMode":{"drawMode":0,"name":"Shaded","section":"Shading Mode"},"sceneLighting":false,"audioPlay":false,"sceneViewState":{"m_AlwaysRefresh":false,"showFog":true,"showSkybox":false,"showFlares":true,"showImageEffects":true,"showParticleSystems":true,"showVisualEffectGraphs":true,"m_FxEnabled":true},"in2DMode":false,"pivot":{"x":-0.18218469619750977,"y":0.21379566192626954,"z":-0.7350473999977112},"rotation":{"x":-0.16720938682556153,"y":0.0059080468490719799,"z":-0.0010038057807832957,"w":-0.9859110713005066},"size":29.619260787963868,"orthographic":true}